Stock,Belongs,Number of Trades,Profit,Profit %,Profit Factor,BUY,SELL,CLOSE BUY,CLOSE SELL,Last Close
A,.SPX,1,54.11,100,#NAME?,FALSE,FALSE,FALSE,FALSE,0
ABBV,.SPX,1,148.68,100,#NAME?,FALSE,FALSE,FALSE,FALSE,0
ABNB,.NDX.SPX,2,43.29,50,2.153,FALSE,FALSE,FALSE,FALSE,0
ABT,.SPX,2,-104.91,0,0,FALSE,FALSE,FALSE,FALSE,0
ACGL,.SPX,2,67.62,50,5.453,FALSE,FALSE,FALSE,FALSE,0
ACN,.SPX,1,33.76,100,#NAME?,FALSE,FALSE,FALSE,FALSE,0
ADBE,.NDX.SPX,6,318.66,83.333,5.556,FALSE,FALSE,FALSE,FALSE,0
ADI,.NDX.SPX,2,34.47,50,0.73,FALSE,FALSE,FALSE,FALSE,0
ADM,.SPX,1,-44.66,0,0,FALSE,FALSE,FALSE,FALSE,0
ADP,.NDX.SPX,2,126.38,100,#NAME?,FALSE,FALSE,FALSE,FALSE,0
ADSK,.NDX.SPX,1,72.15,100,#NAME?,FALSE,FALSE,FALSE,FALSE,0
AES,.SPX,1,101.47,100,#NAME?,FALSE,FALSE,FALSE,FALSE,0
AFL,.SPX,2,242.19,100,#NAME?,FALSE,FALSE,FALSE,FALSE,0
AIG,.SPX,1,44.28,100,#NAME?,FALSE,FALSE,FALSE,FALSE,0
AIZ,.SPX,3,210.28,100,#NAME?,FALSE,FALSE,FALSE,FALSE,0
AKAM,.SPX,1,0,0,,FALSE,FALSE,FALSE,FALSE,0
ALB,.SPX,4,-174.45,25,0.325,FALSE,FALSE,FALSE,FALSE,0
ALGN,.SPX,1,46.88,100,#NAME?,FALSE,FALSE,FALSE,FALSE,0
ALLE,.SPX,1,64.8,100,#NAME?,FALSE,FALSE,FALSE,FALSE,0
AMAT,.NDX.SPX,6,-26.23,33.333,0.523,FALSE,FALSE,FALSE,FALSE,0
AMCR,.SPX,1,52.14,100,#NAME?,FALSE,FALSE,FALSE,FALSE,0
AMD,.NDX.SPX,2,123.34,100,#NAME?,FALSE,FALSE,FALSE,FALSE,0
AMP,.SPX,1,-20.37,0,0,FALSE,FALSE,FALSE,FALSE,0
AMZN,.NDX.SPX.DJI,4,-200.97,25,0.197,FALSE,FALSE,FALSE,FALSE,0
ANET,.SPX,4,17.18,25,0.901,FALSE,FALSE,FALSE,FALSE,0
AOS,.SPX,1,-19.2,0,0,FALSE,FALSE,FALSE,FALSE,0
APA,.SPX,2,-110.88,0,0,FALSE,FALSE,FALSE,FALSE,0
APD,.SPX,1,68.92,100,#NAME?,FALSE,FALSE,FALSE,FALSE,0
APH,.SPX,1,70.59,100,#NAME?,FALSE,FALSE,FALSE,FALSE,0
APO,.SPX,2,68.04,50,1.953,FALSE,FALSE,FALSE,FALSE,0
APTV,.SPX,3,-204.82,0,0,FALSE,FALSE,FALSE,FALSE,0
ARM,.NDX,1,-50.26,0,0,FALSE,FALSE,FALSE,FALSE,0
ASML,.NDX,15,96.66,53.333,0.891,FALSE,FALSE,FALSE,FALSE,0
AVGO,.NDX.SPX,2,-50.02,0,0,FALSE,FALSE,FALSE,FALSE,0
AXON,.NDX.SPX,1,-112.96,0,0,FALSE,FALSE,FALSE,FALSE,0
AXP,.SPX.DJI,5,47.8,40,1.22,FALSE,FALSE,FALSE,FALSE,0
AZN,.NDX,19,-318.4,26.316,0.374,FALSE,FALSE,FALSE,FALSE,0
BA,.SPX.DJI,1,-166.62,0,0,FALSE,FALSE,FALSE,FALSE,0
BAC,.SPX,3,126.9,66.667,4.774,FALSE,FALSE,FALSE,FALSE,0
BBY,.SPX,2,75.01,50,#NAME?,FALSE,FALSE,FALSE,FALSE,0
BEN,.SPX,4,-117.74,25,0.515,FALSE,FALSE,FALSE,FALSE,0
BG,.SPX,1,-84,0,0,FALSE,FALSE,FALSE,FALSE,0
BK,.SPX,2,-64.12,0,0,FALSE,FALSE,FALSE,FALSE,0
BKNG,.NDX.SPX,3,23.68,66.667,0.756,FALSE,FALSE,FALSE,FALSE,0
BLDR,.SPX,2,-28.76,50,6.744,FALSE,FALSE,FALSE,FALSE,0
BRO,.SPX,1,-142.38,0,0,FALSE,FALSE,FALSE,FALSE,0
BWA,.SPX,3,-81.45,33.333,0.317,FALSE,FALSE,FALSE,FALSE,0
BX,.SPX,3,174.98,66.667,5.777,FALSE,FALSE,FALSE,FALSE,0
BXP,.SPX,2,23.84,50,1.788,FALSE,FALSE,FALSE,FALSE,0
C,.SPX,1,69.75,100,#NAME?,FALSE,FALSE,FALSE,FALSE,0
CAH,.SPX,2,-94.7,0,0,FALSE,FALSE,FALSE,FALSE,0
CAT,.SPX.DJI,2,11.69,50,1.859,FALSE,FALSE,FALSE,FALSE,0
CB,.SPX,2,138.66,100,#NAME?,FALSE,FALSE,FALSE,FALSE,0
CBRE,.SPX,4,301.72,50,4.107,FALSE,FALSE,FALSE,FALSE,0
CCEP,.NDX,1,-38.48,0,0,FALSE,FALSE,FALSE,FALSE,0
CCL,.SPX,5,-191.12,40,0.44,FALSE,FALSE,FALSE,FALSE,0
CE,.SPX,3,144.21,66.667,7,FALSE,FALSE,FALSE,FALSE,0
CEG,.NDX.SPX,1,68.88,100,#NAME?,FALSE,FALSE,FALSE,FALSE,0
CF,.SPX,1,-12.2,0,0,FALSE,FALSE,FALSE,FALSE,0
CFG,.SPX,2,0.81,50,1.699,FALSE,FALSE,FALSE,FALSE,0
CINF,.SPX,2,-204.76,0,0,FALSE,FALSE,FALSE,FALSE,0
CMCSA,.NDX.SPX,1,45.54,100,#NAME?,FALSE,FALSE,FALSE,FALSE,0
CME,.SPX,1,49.5,100,#NAME?,FALSE,FALSE,FALSE,FALSE,0
CNC,.SPX,2,-85.05,0,0,FALSE,FALSE,FALSE,FALSE,0
COF,.SPX,1,98.4,100,#NAME?,FALSE,FALSE,FALSE,FALSE,0
COO,.SPX,1,-60.84,0,0,FALSE,FALSE,FALSE,FALSE,0
COP,.SPX,2,191.22,100,#NAME?,FALSE,FALSE,FALSE,FALSE,0
COR,.SPX,1,39.13,100,#NAME?,FALSE,FALSE,FALSE,FALSE,0
COST,.NDX.SPX,1,35.49,100,#NAME?,FALSE,FALSE,FALSE,FALSE,0
CPAY,.SPX,1,37.9,100,#NAME?,FALSE,FALSE,FALSE,FALSE,0
CPT,.SPX,1,-28.27,0,0,FALSE,FALSE,FALSE,FALSE,0
CRL,.SPX,2,1.14,50,0.888,FALSE,FALSE,FALSE,FALSE,0
CRWD,.NDX.SPX,3,149.35,66.667,6.405,FALSE,FALSE,FALSE,FALSE,0
CSGP,.NDX.SPX,1,-34.1,0,0,FALSE,FALSE,FALSE,FALSE,0
CSX,.NDX.SPX,1,-28.32,0,0,FALSE,FALSE,FALSE,FALSE,0
CTAS,.NDX.SPX,2,-80.79,0,0,FALSE,FALSE,FALSE,FALSE,0
CTRA,.SPX,1,106.08,100,#NAME?,FALSE,FALSE,FALSE,FALSE,0
CTSH,.NDX.SPX,3,286.76,66.667,5.949,FALSE,FALSE,FALSE,FALSE,0
CTVA,.SPX,2,189.85,100,#NAME?,FALSE,FALSE,FALSE,FALSE,0
CVS,.SPX,3,-19.17,33.333,0.707,FALSE,FALSE,FALSE,FALSE,0
CVX,.SPX.DJI,3,113.38,66.667,8.503,FALSE,FALSE,FALSE,FALSE,0
CZR,.SPX,3,87.42,66.667,0.875,FALSE,FALSE,FALSE,FALSE,0
DAL,.SPX,1,-94.9,0,0,FALSE,FALSE,FALSE,FALSE,0
DASH,.NDX,2,38.03,50,3.347,FALSE,FALSE,FALSE,FALSE,0
DDOG,.NDX,3,-194.42,0,0,FALSE,FALSE,FALSE,FALSE,0
DE,.SPX,2,-105.51,0,0,FALSE,FALSE,FALSE,FALSE,0
DECK,.SPX,2,28.63,50,0.539,FALSE,FALSE,FALSE,FALSE,0
DELL,.SPX,3,-23.84,33.333,3.244,FALSE,FALSE,FALSE,FALSE,0
DFS,.SPX,7,-476.23,0,0,FALSE,FALSE,FALSE,FALSE,0
DHI,.SPX,1,-40.92,0,0,FALSE,FALSE,FALSE,FALSE,0
DHR,.SPX,1,57.84,100,#NAME?,FALSE,FALSE,FALSE,FALSE,0
DIA,ETF,5,1.74,60,1.022,FALSE,FALSE,FALSE,FALSE,0
DIS,.SPX.DJI,2,3.14,50,1.766,FALSE,FALSE,FALSE,FALSE,0
DLTR,.SPX,1,-66.78,0,0,FALSE,FALSE,FALSE,FALSE,0
DOV,.SPX,2,36.51,50,2.882,FALSE,FALSE,FALSE,FALSE,0
DOW,.SPX,3,-18.13,66.667,1.05,FALSE,FALSE,FALSE,FALSE,0
DRI,.SPX,1,148.16,100,#NAME?,FALSE,FALSE,FALSE,FALSE,0
DVA,.SPX,1,-422.52,0,0,FALSE,FALSE,FALSE,FALSE,0
DVN,.SPX,5,273.95,60,1.702,FALSE,FALSE,FALSE,FALSE,0
EA,.NDX.SPX,1,-39.84,0,0,FALSE,FALSE,FALSE,FALSE,0
EBAY,.SPX,1,60.8,100,#NAME?,FALSE,FALSE,FALSE,FALSE,0
ECL,.SPX,2,95.8,100,#NAME?,FALSE,FALSE,FALSE,FALSE,0
EFX,.SPX,1,53.5,100,#NAME?,FALSE,FALSE,FALSE,FALSE,0
EG,.SPX,2,4.72,50,0.915,FALSE,FALSE,FALSE,FALSE,0
EL,.SPX,3,216.29,100,#NAME?,FALSE,FALSE,FALSE,FALSE,0
ELV,.SPX,1,20.82,100,#NAME?,FALSE,FALSE,FALSE,FALSE,0
EMN,.SPX,2,-54.06,50,0.732,FALSE,FALSE,FALSE,FALSE,0
EMR,.SPX,1,-100.47,0,0,FALSE,FALSE,FALSE,FALSE,0
ENPH,.SPX,2,-2.13,50,1.254,FALSE,FALSE,FALSE,FALSE,0
EOG,.SPX,3,-202.48,0,0,FALSE,FALSE,FALSE,FALSE,0
EPAM,.SPX,2,93.48,100,#NAME?,FALSE,FALSE,FALSE,FALSE,0
EQR,.SPX,3,187.85,33.333,2.581,FALSE,FALSE,FALSE,FALSE,0
ESS,.SPX,1,31.88,100,#NAME?,FALSE,FALSE,FALSE,FALSE,0
ETN,.SPX,1,42.63,100,#NAME?,FALSE,FALSE,FALSE,FALSE,0
EW,.SPX,1,-29.1,0,0,FALSE,FALSE,FALSE,FALSE,0
EXPE,.SPX,5,493.04,100,#NAME?,FALSE,FALSE,FALSE,FALSE,0
EXR,.SPX,1,-33.96,0,0,FALSE,FALSE,FALSE,FALSE,0
F,.SPX,2,-177.95,0,0,FALSE,FALSE,FALSE,FALSE,0
FANG,.NDX.SPX,6,343.4,66.667,4.011,FALSE,FALSE,FALSE,FALSE,0
FCX,.SPX,10,157.02,50,2.611,FALSE,FALSE,FALSE,FALSE,0
FDX,.SPX,3,-204.48,33.333,0.285,FALSE,FALSE,FALSE,FALSE,0
FE,.SPX,1,34.32,100,#NAME?,FALSE,FALSE,FALSE,FALSE,0
FFIV,.SPX,1,-45.5,0,0,FALSE,FALSE,FALSE,FALSE,0
FI,.SPX,1,-81.62,0,0,FALSE,FALSE,FALSE,FALSE,0
FIS,.SPX,1,62.48,100,#NAME?,FALSE,FALSE,FALSE,FALSE,0
FITB,.SPX,3,-207.58,0,0,FALSE,FALSE,FALSE,FALSE,0
FMC,.SPX,1,82.17,100,#NAME?,FALSE,FALSE,FALSE,FALSE,0
FSLR,.SPX,2,-104.13,0,0,FALSE,FALSE,FALSE,FALSE,0
FTNT,.NDX.SPX,2,-97.32,0,0,FALSE,FALSE,FALSE,FALSE,0
FTV,.SPX,2,-93.9,0,0,FALSE,FALSE,FALSE,FALSE,0
GD,.SPX,1,-38.4,0,0,FALSE,FALSE,FALSE,FALSE,0
GDDY,.SPX,1,103.18,100,#NAME?,FALSE,FALSE,FALSE,FALSE,0
GE,.SPX,1,-12.96,0,0,FALSE,FALSE,FALSE,FALSE,0
GEN,.SPX,1,-129.54,0,0,FALSE,FALSE,FALSE,FALSE,0
GL,.SPX,2,-75.68,0,0,FALSE,FALSE,FALSE,FALSE,0
GM,.SPX,3,212.58,66.667,4.095,FALSE,FALSE,FALSE,FALSE,0
GNRC,.SPX,1,54.48,100,#NAME?,FALSE,FALSE,FALSE,FALSE,0
GOOG,.NDX.SPX,2,-76.37,0,0,FALSE,FALSE,FALSE,FALSE,0
GOOGL,.NDX.SPX,3,-100.09,0,0,FALSE,FALSE,FALSE,FALSE,0
GPC,.SPX,1,130.78,100,#NAME?,FALSE,FALSE,FALSE,FALSE,0
GPN,.SPX,2,12.96,50,1.159,FALSE,FALSE,FALSE,FALSE,0
GS,.SPX.DJI,1,65.46,100,#NAME?,FALSE,FALSE,FALSE,FALSE,0
HAL,.SPX,2,-194.94,0,0,FALSE,FALSE,FALSE,FALSE,0
HAS,.SPX,1,-101.88,0,0,FALSE,FALSE,FALSE,FALSE,0
HBAN,.SPX,1,189,100,#NAME?,FALSE,FALSE,FALSE,FALSE,0
HD,.SPX.DJI,2,6.05,50,1.105,FALSE,FALSE,FALSE,FALSE,0
HES,.SPX,2,-50.25,50,0.649,FALSE,FALSE,FALSE,FALSE,0
HIG,.SPX,2,276.98,100,#NAME?,FALSE,FALSE,FALSE,FALSE,0
HLT,.SPX,3,113.37,33.333,1.661,FALSE,FALSE,FALSE,FALSE,0
HON,.NDX.SPX.DJI,1,40.68,100,#NAME?,FALSE,FALSE,FALSE,FALSE,0
HPE,.SPX,4,532.82,100,#NAME?,FALSE,FALSE,FALSE,FALSE,0
HPQ,.SPX,4,-138.49,25,0.315,FALSE,FALSE,FALSE,FALSE,0
HSIC,.SPX,1,70.32,100,#NAME?,FALSE,FALSE,FALSE,FALSE,0
HUBB,.SPX,2,66.94,100,#NAME?,FALSE,FALSE,FALSE,FALSE,0
HUM,.SPX,1,36.28,100,#NAME?,FALSE,FALSE,FALSE,FALSE,0
HWM,.SPX,2,29.86,50,0.286,FALSE,FALSE,FALSE,FALSE,0
IBM,.SPX.DJI,2,-58.95,50,0.492,FALSE,FALSE,FALSE,FALSE,0
ICE,.SPX,1,-34.47,0,0,FALSE,FALSE,FALSE,FALSE,0
IEX,.SPX,1,65.73,100,#NAME?,FALSE,FALSE,FALSE,FALSE,0
INTC,.NDX.SPX,2,146.4,100,#NAME?,FALSE,FALSE,FALSE,FALSE,0
INTU,.NDX.SPX,1,-38.58,0,0,FALSE,FALSE,FALSE,FALSE,0
INVH,.SPX,1,88.32,100,#NAME?,FALSE,FALSE,FALSE,FALSE,0
IP,.SPX,1,114.08,100,#NAME?,FALSE,FALSE,FALSE,FALSE,0
IPG,.SPX,4,346.79,75,13.449,FALSE,FALSE,FALSE,FALSE,0
IQV,.SPX,2,-8.28,50,1.635,FALSE,FALSE,FALSE,FALSE,0
IR,.SPX,4,224.02,50,1.422,FALSE,FALSE,FALSE,FALSE,0
ISRG,.NDX.SPX,1,24.96,100,#NAME?,FALSE,FALSE,FALSE,FALSE,0
IT,.SPX,1,147.36,100,#NAME?,FALSE,FALSE,FALSE,FALSE,0
IVZ,.SPX,4,-8.32,50,0.745,FALSE,FALSE,FALSE,FALSE,0
J,.SPX,2,156.06,50,5.733,FALSE,FALSE,FALSE,FALSE,0
JBHT,.SPX,2,-63.72,0,0,FALSE,TRUE,FALSE,FALSE,172.45
JBL,.SPX,3,205.68,66.667,11.722,FALSE,FALSE,FALSE,FALSE,0
JNJ,.SPX.DJI,1,69.96,100,#NAME?,FALSE,FALSE,FALSE,FALSE,0
JNPR,.SPX,1,60.84,100,#NAME?,FALSE,FALSE,FALSE,FALSE,0
JPM,.SPX.DJI,1,-41,0,0,FALSE,FALSE,FALSE,FALSE,0
K,.SPX,1,-19.04,0,0,FALSE,FALSE,FALSE,FALSE,0
KDP,.NDX.SPX,1,-42.75,0,0,FALSE,FALSE,FALSE,FALSE,0
KEY,.SPX,4,-54.11,50,1.156,FALSE,FALSE,FALSE,FALSE,0
KEYS,.SPX,2,38.24,50,5.021,FALSE,FALSE,FALSE,FALSE,0
KIM,.SPX,3,50.77,33.333,1.406,FALSE,FALSE,FALSE,FALSE,0
KKR,.SPX,2,13.53,50,2.44,FALSE,FALSE,FALSE,FALSE,0
KLAC,.NDX.SPX,1,61.5,100,#NAME?,FALSE,FALSE,FALSE,FALSE,0
KMI,.SPX,1,103.04,100,#NAME?,FALSE,FALSE,FALSE,FALSE,0
KMX,.SPX,2,256.44,100,#NAME?,FALSE,FALSE,FALSE,FALSE,0
KO,.SPX.DJI,1,54.36,100,#NAME?,FALSE,FALSE,FALSE,FALSE,0
L,.SPX,1,49.12,100,#NAME?,FALSE,FALSE,FALSE,FALSE,0
LDOS,.SPX,1,81.95,100,#NAME?,FALSE,FALSE,FALSE,FALSE,0
LEN,.SPX,2,-111.45,0,0,FALSE,FALSE,FALSE,FALSE,0
LHX,.SPX,1,32.5,100,#NAME?,FALSE,FALSE,FALSE,FALSE,0
LII,.SPX,1,-27.36,0,0,FALSE,FALSE,FALSE,FALSE,0
LIN,.NDX.SPX,9,-60.79,44.444,0.607,FALSE,FALSE,FALSE,FALSE,0
LKQ,.SPX,2,54.84,50,2.509,FALSE,FALSE,FALSE,FALSE,0
LLY,.SPX,1,-31.71,0,0,FALSE,FALSE,FALSE,FALSE,0
LOW,.SPX,1,-30.36,0,0,FALSE,FALSE,FALSE,FALSE,0
LRCX,.NDX.SPX,1,-87.12,0,0,FALSE,FALSE,FALSE,FALSE,0
LVS,.SPX,3,178.77,66.667,4.95,FALSE,FALSE,FALSE,FALSE,0
LW,.SPX,1,-72.18,0,0,FALSE,FALSE,FALSE,FALSE,0
LYB,.SPX,4,216.45,75,7.02,FALSE,FALSE,FALSE,FALSE,0
LYV,.SPX,1,60.12,100,#NAME?,FALSE,FALSE,FALSE,FALSE,0
MA,.SPX,2,-203.32,0,0,FALSE,FALSE,FALSE,FALSE,0
MAR,.NDX.SPX,4,298.42,50,4.845,FALSE,FALSE,FALSE,FALSE,0
MAS,.SPX,1,84.74,100,#NAME?,FALSE,FALSE,FALSE,FALSE,0
MCD,.SPX.DJI,3,48.6,66.667,2.117,FALSE,FALSE,FALSE,FALSE,0
MCHP,.NDX.SPX,4,-157.58,25,0.356,FALSE,FALSE,FALSE,FALSE,0
MCK,.SPX,1,-34.56,0,0,FALSE,FALSE,FALSE,FALSE,0
MCO,.SPX,1,23.13,100,#NAME?,FALSE,FALSE,FALSE,FALSE,0
MDB,.NDX,3,-156.1,33.333,0.127,FALSE,FALSE,FALSE,FALSE,0
MDT,.SPX,1,76.88,100,#NAME?,FALSE,FALSE,FALSE,FALSE,0
MELI,.NDX,3,-33.19,66.667,0.751,FALSE,FALSE,FALSE,FALSE,0
MET,.SPX,4,368.45,75,6.843,FALSE,FALSE,FALSE,FALSE,0
META,.NDX.SPX,3,76.41,66.667,2.599,FALSE,FALSE,FALSE,FALSE,0
MGM,.SPX,2,-123.34,0,0,FALSE,FALSE,FALSE,FALSE,0
MHK,.SPX,2,171.04,100,#NAME?,FALSE,FALSE,FALSE,FALSE,0
MKC,.SPX,1,65.66,100,#NAME?,FALSE,FALSE,FALSE,FALSE,0
MLM,.SPX,1,65.25,100,#NAME?,FALSE,FALSE,FALSE,FALSE,0
MMM,.SPX.DJI,2,-35.27,50,0.635,FALSE,FALSE,FALSE,FALSE,0
MO,.SPX,2,6.7,50,1.404,FALSE,FALSE,FALSE,FALSE,0
MOH,.SPX,1,-87.75,0,0,FALSE,FALSE,FALSE,FALSE,0
MPC,.SPX,7,19.96,57.143,2.677,FALSE,FALSE,FALSE,FALSE,0
MPWR,.SPX,3,5.7,33.333,1.23,FALSE,FALSE,FALSE,FALSE,0
MRNA,.SPX,1,98.55,100,#NAME?,FALSE,FALSE,FALSE,FALSE,0
MRVL,.NDX,2,50.97,50,5.776,FALSE,FALSE,FALSE,FALSE,0
MSCI,.SPX,2,52.22,100,#NAME?,FALSE,FALSE,FALSE,FALSE,0
MSFT,.NDX.SPX.DJI,3,34.71,66.667,0.897,FALSE,FALSE,FALSE,FALSE,0
MSI,.SPX,1,43.54,100,#NAME?,FALSE,FALSE,FALSE,FALSE,0
MSTR,.NDX,3,-26.88,33.333,2.279,FALSE,FALSE,FALSE,FALSE,0
MTB,.SPX,4,232.52,75,10.056,FALSE,FALSE,FALSE,FALSE,0
MTCH,.SPX,1,-25.76,0,0,FALSE,FALSE,FALSE,FALSE,0
MU,.NDX.SPX,2,52.59,50,2.907,FALSE,FALSE,FALSE,FALSE,0
NCLH,.SPX,3,172.68,66.667,4.798,FALSE,FALSE,FALSE,FALSE,0
NDSN,.SPX,1,63.21,100,#NAME?,FALSE,FALSE,FALSE,FALSE,0
NEE,.SPX,1,46.2,100,#NAME?,FALSE,FALSE,FALSE,FALSE,0
NEM,.SPX,2,-102.54,0,0,FALSE,FALSE,FALSE,FALSE,0
NKE,.SPX.DJI,4,189.69,50,2.128,FALSE,FALSE,FALSE,FALSE,0
NOW,.SPX,2,-98.24,0,0,FALSE,FALSE,FALSE,FALSE,0
NRG,.SPX,1,-104.5,0,0,FALSE,FALSE,FALSE,FALSE,0
NSC,.SPX,1,-37.36,0,0,FALSE,FALSE,FALSE,FALSE,0
NTAP,.SPX,1,60.06,100,#NAME?,FALSE,FALSE,FALSE,FALSE,0
NTRS,.SPX,2,178.26,100,#NAME?,FALSE,FALSE,FALSE,FALSE,0
NUE,.SPX,4,120.02,50,2.64,FALSE,FALSE,FALSE,FALSE,0
NVDA,.NDX.SPX.DJI,5,385.88,80,64.524,FALSE,FALSE,FALSE,FALSE,0
NWS,.SPX,2,92.28,100,#NAME?,FALSE,FALSE,FALSE,FALSE,0
NXPI,.NDX.SPX,2,26.08,50,1.326,FALSE,FALSE,FALSE,FALSE,0
O,.SPX,2,-25.92,50,0.615,FALSE,FALSE,FALSE,FALSE,0
OKE,.SPX,3,245.89,66.667,7.752,FALSE,FALSE,FALSE,FALSE,0
OMC,.SPX,2,73.28,50,4.519,FALSE,FALSE,FALSE,FALSE,0
ON,.NDX.SPX,2,31.86,50,4.912,FALSE,FALSE,FALSE,FALSE,0
ORCL,.SPX,3,147.04,66.667,8.934,FALSE,FALSE,FALSE,FALSE,0
OXY,.SPX,3,139.4,66.667,1.63,FALSE,FALSE,FALSE,FALSE,0
PANW,.NDX.SPX,3,-80.03,33.333,0.36,FALSE,FALSE,FALSE,FALSE,0
PARA,.SPX,2,-6.26,50,1.729,FALSE,FALSE,FALSE,FALSE,0
PAYC,.SPX,1,-72.51,0,0,FALSE,FALSE,FALSE,FALSE,0
PCAR,.NDX.SPX,2,-176.25,0,0,FALSE,FALSE,FALSE,FALSE,0
PDD,.NDX,9,113.47,44.444,1.62,FALSE,FALSE,FALSE,FALSE,0
PFG,.SPX,2,-109.1,0,0,FALSE,FALSE,FALSE,FALSE,0
PH,.SPX,1,27.28,100,#NAME?,FALSE,FALSE,FALSE,FALSE,0
PHM,.SPX,3,256.31,66.667,17.649,FALSE,FALSE,FALSE,FALSE,0
PKG,.SPX,1,-24.42,0,0,FALSE,FALSE,FALSE,FALSE,0
PLTR,.NDX.SPX,5,89.76,60,1.498,FALSE,FALSE,FALSE,FALSE,0
PNC,.SPX,1,-77.4,0,0,FALSE,FALSE,FALSE,FALSE,0
PNR,.SPX,1,90,100,#NAME?,FALSE,FALSE,FALSE,FALSE,0
PPG,.SPX,1,79.8,100,#NAME?,FALSE,FALSE,FALSE,FALSE,0
PPL,.SPX,1,167.69,100,#NAME?,FALSE,FALSE,FALSE,FALSE,0
PRU,.SPX,3,174.58,66.667,2.156,FALSE,FALSE,FALSE,FALSE,0
PSA,.SPX,1,46.36,100,#NAME?,FALSE,FALSE,FALSE,FALSE,0
PTC,.SPX,1,-57.76,0,0,FALSE,FALSE,FALSE,FALSE,0
PYPL,.NDX.SPX,3,246.24,100,#NAME?,FALSE,FALSE,FALSE,FALSE,0
QQQ,ETF,1,17.5,100,#NAME?,FALSE,FALSE,FALSE,FALSE,0
RCL,.SPX,3,-191.64,33.333,0.809,FALSE,FALSE,FALSE,FALSE,0
REG,.SPX,1,132.96,100,#NAME?,FALSE,FALSE,FALSE,FALSE,0
RF,.SPX,1,-89.38,0,0,FALSE,FALSE,FALSE,FALSE,0
RJF,.SPX,2,21.92,50,1.56,FALSE,FALSE,FALSE,FALSE,0
RMD,.SPX,1,30.52,100,#NAME?,FALSE,FALSE,FALSE,FALSE,0
ROK,.SPX,2,-9.12,50,0.958,FALSE,FALSE,FALSE,FALSE,0
ROL,.SPX,1,147.28,100,#NAME?,FALSE,FALSE,FALSE,FALSE,0
RTX,.SPX,1,-25.5,0,0,FALSE,FALSE,FALSE,FALSE,0
RVTY,.SPX,1,-44,0,0,FALSE,FALSE,FALSE,FALSE,0
SBAC,.SPX,1,73.32,100,#NAME?,FALSE,FALSE,FALSE,FALSE,0
SBUX,.NDX.SPX,3,100.5,66.667,2.689,FALSE,FALSE,FALSE,FALSE,0
SLB,.SPX,3,151.44,66.667,1.543,FALSE,FALSE,FALSE,FALSE,0
SMCI,.SPX,3,301.52,66.667,0.977,FALSE,FALSE,FALSE,FALSE,0
SNA,.SPX,2,-160.56,0,0,FALSE,FALSE,FALSE,FALSE,0
SNPS,.NDX.SPX,1,20.98,100,#NAME?,FALSE,FALSE,FALSE,FALSE,0
SPG,.SPX,2,-102.98,0,0,FALSE,FALSE,FALSE,FALSE,0
STLD,.SPX,2,-166.85,0,0,FALSE,FALSE,FALSE,FALSE,0
STT,.SPX,4,128.66,75,2.876,FALSE,FALSE,FALSE,FALSE,0
STX,.SPX,6,41.22,66.667,1.036,FALSE,FALSE,FALSE,FALSE,0
STZ,.SPX,1,-60.24,0,0,FALSE,FALSE,FALSE,FALSE,0
SWK,.SPX,4,222.56,75,10.793,FALSE,FALSE,FALSE,FALSE,0
SWKS,.SPX,3,85.7,66.667,2.295,FALSE,FALSE,FALSE,FALSE,0
SYF,.SPX,3,48.69,33.333,1.255,FALSE,FALSE,FALSE,FALSE,0
SYK,.SPX,1,83.82,100,#NAME?,FALSE,FALSE,FALSE,FALSE,0
SYY,.SPX,2,346.85,100,#NAME?,FALSE,FALSE,FALSE,FALSE,0
T,.SPX,3,-26.07,33.333,0.775,FALSE,FALSE,FALSE,FALSE,0
TDG,.SPX,2,-68.03,0,0,FALSE,FALSE,FALSE,FALSE,0
TEAM,.NDX,2,-157.83,0,0,FALSE,FALSE,FALSE,FALSE,0
TEL,.SPX,3,42.92,33.333,1.602,FALSE,FALSE,FALSE,FALSE,0
TER,.SPX,1,-44.16,0,0,FALSE,FALSE,FALSE,FALSE,0
TFC,.SPX,3,-152.39,0,0,FALSE,FALSE,FALSE,FALSE,0
TFX,.SPX,1,38.45,100,#NAME?,FALSE,FALSE,FALSE,FALSE,0
TJX,.SPX,2,58.41,50,1.481,FALSE,FALSE,FALSE,FALSE,0
TPL,.SPX,1,-110.05,0,0,FALSE,FALSE,FALSE,FALSE,0
TPR,.SPX,3,-172.14,0,0,FALSE,FALSE,FALSE,FALSE,0
TRGP,.SPX,2,-81.46,50,1.012,FALSE,FALSE,FALSE,FALSE,0
TRMB,.SPX,2,115.62,100,#NAME?,FALSE,FALSE,FALSE,FALSE,0
TROW,.SPX,4,84.01,50,2.453,FALSE,FALSE,FALSE,FALSE,0
TRV,.SPX.DJI,1,-89.55,0,0,FALSE,FALSE,FALSE,FALSE,0
TSCO,.SPX,1,-97.72,0,0,FALSE,FALSE,FALSE,FALSE,0
TSLA,.NDX.SPX,3,362.9,100,#NAME?,FALSE,FALSE,FALSE,FALSE,0
TSN,.SPX,1,-34.35,0,0,FALSE,FALSE,FALSE,FALSE,0
TTD,.NDX,2,-125.21,50,0.325,FALSE,FALSE,FALSE,FALSE,0
TTWO,.NDX.SPX,2,8.36,50,1.619,FALSE,FALSE,FALSE,FALSE,0
TXN,.NDX.SPX,1,51.52,100,#NAME?,FALSE,FALSE,FALSE,FALSE,0
TXT,.SPX,1,127.65,100,#NAME?,FALSE,FALSE,FALSE,FALSE,0
UAL,.SPX,3,80.14,33.333,1.506,FALSE,FALSE,FALSE,FALSE,0
UBER,.SPX,4,55.34,50,3.57,FALSE,FALSE,FALSE,FALSE,0
UDR,.SPX,1,-59.8,0,0,FALSE,FALSE,FALSE,FALSE,0
UHS,.SPX,1,195.25,100,#NAME?,FALSE,FALSE,FALSE,FALSE,0
UPS,.SPX,4,-66.76,25,0.38,FALSE,FALSE,FALSE,FALSE,0
URI,.SPX,3,-226.74,33.333,0.221,FALSE,FALSE,FALSE,FALSE,0
USB,.SPX,3,-0.84,33.333,0.931,FALSE,FALSE,FALSE,FALSE,0
VLO,.SPX,2,147.7,100,#NAME?,FALSE,FALSE,FALSE,FALSE,0
VOO,ETF,3,-61.6,33.333,0.376,FALSE,FALSE,FALSE,FALSE,0
VRSN,.SPX,1,58.2,100,#NAME?,FALSE,FALSE,FALSE,FALSE,0
VRTX,.NDX.SPX,1,-46.96,0,0,FALSE,FALSE,FALSE,FALSE,0
VST,.SPX,1,-93.1,0,0,FALSE,FALSE,FALSE,FALSE,0
VTRS,.SPX,1,130.13,100,#NAME?,FALSE,FALSE,FALSE,FALSE,0
VZ,.SPX.DJI,1,-104.04,0,0,FALSE,FALSE,FALSE,FALSE,0
WAB,.SPX,1,79.05,100,#NAME?,FALSE,FALSE,FALSE,FALSE,0
WAT,.SPX,1,27.42,100,#NAME?,FALSE,FALSE,FALSE,FALSE,0
WBA,.SPX,1,-135.25,0,0,FALSE,FALSE,FALSE,FALSE,0
WBD,.NDX.SPX,3,-183.62,33.333,0.316,FALSE,FALSE,FALSE,FALSE,0
WDC,.SPX,4,46.3,50,1.186,FALSE,FALSE,FALSE,FALSE,0
WELL,.SPX,1,312.8,100,#NAME?,FALSE,FALSE,FALSE,FALSE,0
WFC,.SPX,2,-80.73,0,0,FALSE,FALSE,FALSE,FALSE,0
WRB,.SPX,2,170.27,100,#NAME?,FALSE,FALSE,FALSE,FALSE,0
WTW,.SPX,1,71.85,100,#NAME?,FALSE,FALSE,FALSE,FALSE,0
WY,.SPX,2,-40.04,50,1.029,FALSE,FALSE,FALSE,FALSE,0
WYNN,.SPX,3,301.91,66.667,4.46,FALSE,FALSE,FALSE,FALSE,0
XEL,.NDX.SPX,1,68,100,#NAME?,FALSE,FALSE,FALSE,FALSE,0
XOM,.SPX,4,213.56,75,3.74,FALSE,FALSE,FALSE,FALSE,0
XYL,.SPX,2,148.61,100,#NAME?,FALSE,FALSE,FALSE,FALSE,0
ZBRA,.SPX,1,42.65,100,#NAME?,FALSE,FALSE,FALSE,FALSE,0
ZS,.NDX,3,92.45,66.667,1.664,FALSE,FALSE,FALSE,FALSE,0
ZTS,.SPX,1,-29.94,0,0,FALSE,FALSE,FALSE,FALSE,0